elated,1
judicious,1
sagacity,1
optimistic,1
deft,1
observe,1
satisfactorily,1
cherish,1
tersely,1
disposable,1
well-intentioned,1
self-effacing,1
experienced,1
prepossessing,1
industriousness,1
meticulously,1
stable,1
virtually,1
jocular,1
recreational,1
pertinacity,1
careful,1
learned,1
concord,1
absorbed,1
concisely,1
well-distributed,1
comically,1
wholehearted,1
entertaining,1
best-known,1
euphemistic,1
unmixed,1
well-thought-of,1
unhesitating,1
eagle-eyed,1
intriguingly,1
extravert,1
practical,1
estimable,1
quiet,1
revere,1
munificent,1
penny-pinching,1
valuableness,1
real,1
stocky,1
unblemished,1
noncritical,1
dauntlessly,1
carefulness,1
excellently,1
prompt,1
sedulously,1
progressive,1
dependably,1
keep,1
caress,1
clear,1
steady,1
conveniently,1
attractive,1
introversion,1
thoroughbred,1
restfully,1
inoffensive,1
wisely,1
commendably,1
a1,1
pliantness,1
dispassion,1
deep,1
broadminded,1
genteel,1
sturdy,1
eulogise,1
propitiousness,1
profoundly,1
magnificently,1
elegant,1
attempt,1
cosummate,1
well-reputed,1
convenient,1
unflattering,1
distinct,1
glorious,1
disinterested,1
specified,1
lighthearted,1
overjoyed,1
rosy,1
majestic-looking,1
sprightly,1
high-performance,1
unobjectionable,1
prime,1
marked,1
delicious,1
uprightness,1
largesse,1
bright-coloured,1
honeyed,1
undisputable,1
requisite,1
succinctly,1
true,1
unfailing,1
rhapsodic,1
overgrown,1
cozy,1
enlightened,1
like,1
kindly,1
reliable,1
amusive,1
tact,1
worthily,1
tiptop,1
above-board,1
undisturbed,1
lucky,1
palmary,1
punctually,1
exact,1
powerful,1
tenable,1
palatable,1
shapeliness,1
expediently,1
graciously,1
untrammelled,1
fine,1
silently,1
smooth,1
unshackled,1
agreement,1
extroverted,1
chastly,1
agilely,1
fearless,1
pally,1
suppreme,1
accept,1
even,1
refined,1
self-abased,1
slender,1
long-tested,1
gauzy,1
painstakingly,1
practically,1
first,1
sleek,1
meditativeness,1
open-and-shut,1
bravely,1
savoury,1
bounteous,1
complacently,1
statuesque,1
astute,1
smartly,1
superior-quality,1
famed,1
all-in-one,1
principally,1
extroversive,1
unprejudiced,1
generously,1
discretional,1
robust,1
conciseness,1
philosophical,1
unvarying,1
broadly,1
evident,1
tunefulness,1
statical,1
determinative,1
knowledgeable,1
reposeful,1
resplendently,1
unaffectedness,1
apparency,1
basically,1
limber,1
handsome,1
mercifulness,1
well-furnished,1
velvety,1
skillful,1
succinctness,1
sensitive,1
newest,1
liberal,1
able,1
limpid,1
mindfulness,1
bluntly,1
happy,1
fit,1
volunteer,1
neatly,1
unequivocally,1
happiness,1
envious,1
felicitate,1
agreeability,1
splendid,1
fulgent,1
adopt,1
bow,1
reasonably,1
softhearted,1
bless,1
pithily,1
proudly,1
whole-hearted,1
unharming,1
undismayed,1
prefer,1
overt,1
heartfelt,1
solemn,1
stalwart,1
well-built,1
rectitude,1
stately,1
hot,1
handred-precent,1
brand-new,1
big-chested,1
sharp-witted,1
unconverted,1
pinpoint,1
consecration,1
polite,1
well-Content,1
manifest,1
ripen,1
salient,1
exhaustless,1
flexibly,1
unarguable,1
full-grown,1
low-key,1
resultful,1
untied,1
fascinating,1
well-chosen,1
honour,1
seriousness,1
wholly,1
impertinence,1
well-ordered,1
reserved,1
gladsome,1
really,1
tractable,1
mainstay,1
noble-minded,1
terse,1
stylishly,1
assent,1
pellucid,1
impartial,1
agreeably,1
handy,1
broad-minded,1
solemness,1
conformity,1
punny,1
kindhearted,1
manifestative,1
overtly,1
perfect,1
major,1
glazed,1
known,1
sane,1
hairchested,1
require,1
gratis,1
benevolent,1
obduracy,1
sedateness,1
applaud,1
studious,1
attentively,1
leisureliness,1
settled,1
sugared,1
uppermost,1
endorse,1
determinedly,1
elaborately,1
noncommittally,1
pine,1
integral,1
majestically,1
uprightly,1
wiseness,1
maturation,1
charitable,1
irrefutably,1
naked,1
chief,1
exquisite,1
glibly,1
complete,1
indubitable,1
pliancy,1
trustworthy,1
joyfully,1
capable,1
respectful,1
high-mindedness,1
stirring,1
respectfully,1
ultrafashionable,1
supereminent,1
unbendingly,1
conspicuously,1
auspiciously,1
big,1
staidness,1
obliging,1
spectacular,1
viewy,1
easygoing,1
undoubtedly,1
audacious,1
enthralled,1
pleasant,1
self-satisfied,1
preserving,1
likable,1
pithy,1
single-hearted,1
crisp,1
notably,1
baronial,1
intently,1
physical,1
straightforwardly,1
tame,1
adorableness,1
peacefully,1
well-formed,1
determined,1
unselfish,1
jubilance,1
extraverted,1
preferential,1
sustained,1
eulogize,1
best-quality,1
exquisitely,1
snazzy,1
popularly,1
artistically,1
luminously,1
naturally,1
gladsomeness,1
consistent,1
honest,1
pragmatically,1
compendiously,1
tenaciousness,1
unfaltering,1
applicable,1
verbatim,1
applause,1
gloriously,1
high-precision,1
ridiculous,1
silence,1
importantly,1
friendly,1
efficaciously,1
gaudy,1
commendable,1
prevalent,1
demand,1
luxuriousness,1
affluence,1
finely,1
securely,1
routinely,1
refreshingly,1
unflinching,1
beneficial,1
favorably,1
deference,1
curvaceousness,1
long-sighted,1
figuratively,1
promising,1
constant,1
plainly,1
undaunted,1
able-bodied,1
shipshape,1
sleight,1
undiscouraged,1
value,1
thorough,1
muscular,1
entreatingly,1
taintless,1
picked,1
fairly,1
harmoniously,1
cuteness,1
indubitably,1
healthiness,1
evenly,1
flowery,1
deferential,1
impressively,1
penetrative,1
serene,1
aesthetic,1
crystalline,1
free,1
uniform,1
energetic,1
effectually,1
covet,1
adamance,1
gainly,1
soberness,1
dignified,1
blinding,1
basal,1
ironclad,1
splendiferous,1
need,1
humorously,1
honoured,1
tractability,1
pacific,1
goodlooking,1
sacrosanct,1
indestructible,1
well-meaning,1
suaveness,1
isostatic,1
cool-headed,1
fancy,1
unremittingly,1
snappy,1
brilliant,1
well-to-do,1
dulcet,1
epochal,1
uncomplicated,1
effectively,1
genuinely,1
unfathomably,1
laud,1
ravishing,1
quickly,1
yielding,1
elitist,1
fertile,1
articulate,1
basic,1
joyously,1
fervid,1
positive,1
aboveboard,1
decisive,1
prudence,1
advocate,1
wary,1
sincerely,1
apropos,1
greet,1
pungent,1
tirelessly,1
bustle,1
riotous,1
pure,1
divine,1
salutary,1
finally,1
penetrated,1
acute,1
saint,1
concentration,1
famously,1
unflawed,1
masterly,1
extensive,1
efficient,1
wayward,1
epic,1
openhanded,1
encouraging,1
fluency,1
substantial,1
innocence,1
high-level,1
advantageously,1
all-powerful,1
softly,1
maturity,1
prudential,1
loveliness,1
perspicacious,1
devoted,1
courteous,1
transcendent,1
arch,1
vivid,1
inquisitive,1
curt,1
homelike,1
valiant,1
famous,1
unlimited,1
envy,1
maturing,1
fitting,1
smooth-faced,1
zealous,1
centralize,1
exceptionally,1
honorific,1
regular,1
righteous,1
sociableness,1
just,1
super,1
charming,1
mightily,1
pleadingly,1
freely,1
invaluable,1
unselfishly,1
innocently,1
indefatigably,1
spic-and-span,1
steadfastly,1
indomitable,1
fresh,1
acknowledge,1
refreshing,1
eclat,1
honestly,1
liberally,1
sketchy,1
carefreeness,1
high-powered,1
gallant,1
honourably,1
imposing,1
instructive,1
lithely,1
mollycoddle,1
snug,1
systematically,1
knacky,1
tidy,1
hanker,1
jubilation,1
purebred,1
tender,1
omnipotent,1
adventurous,1
intent,1
cute,1
heartstirring,1
well-marked,1
leading,1
calm,1
studiously,1
yen,1
upper-class,1
congenial,1
dogged,1
fearlessly,1
huge,1
unbiasedly,1
honestness,1
simply,1
dependable,1
composure,1
meditative,1
captivating,1
unassailable,1
wonderful,1
jesting,1
colourfully,1
sensibly,1
cutting,1
creative,1
conscientiousness,1
flexible,1
unassumingness,1
unprecedented,1
thanks,1
clemency,1
healthily,1
salute,1
solid,1
blazing,1
blissfulness,1
well-ironed,1
perspicuous,1
voluntarily,1
jocose,1
bluffness,1
chivalrously,1
coherent,1
dramatic,1
insouciance,1
dynamic,1
praisable,1
affably,1
radical,1
brilliantly,1
devoutness,1
venture,1
shimmering,1
important,1
artistic,1
dauntless,1
delicately,1
lenience,1
warmhearted,1
driving,1
equanimity,1
allow,1
natural,1
pristine,1
entrancing,1
standardized,1
unitive,1
licit,1
benign,1
silklike,1
blandness,1
venerable,1
zippy,1
righteously,1
long,1
amiability,1
amicability,1
exultation,1
preferentially,1
valorous,1
unaffected,1
moderate,1
quitely,1
well-conducted,1
daintily,1
ripening,1
methodical,1
perfervid,1
gratifying,1
renowned,1
beautiful,1
comfort,1
questionless,1
unquestionable,1
self-satisfaction,1
urbane,1
sparkling,1
gladfulness,1
spunky,1
sweet-scented,1
obedient,1
smug,1
tidiness,1
truehearted,1
preference,1
obviously,1
yearn,1
fat,1
respected,1
ample,1
gravely,1
insistently,1
unobtrusive,1
compendious,1
fine-looking,1
princely,1
considerately,1
pertness,1
gladness,1
stress,1
demotic,1
outspokenness,1
exuberant,1
snugly,1
liveliness,1
indeed,1
vividly,1
static,1
discerning,1
conspicuous,1
robustness,1
choice,1
broad-mindly,1
self-complacency,1
innocuous,1
compact,1
creditworthiness,1
wealthy,1
objectively,1
pursy,1
centralized,1
lovable,1
beaming,1
skilful,1
moving,1
observant,1
undoubted,1
accurately,1
point-blank,1
await,1
kissingly,1
approval,1
low-price,1
certified,1
remarkably,1
untiringly,1
merry,1
mettlesome,1
estated,1
desire,1
munificence,1
whole-souled,1
delightedly,1
familiar,1
natty,1
prominence,1
songfulness,1
fruitfulness,1
helpful,1
salutation,1
crystal-clear,1
distinguished,1
cosy,1
out-and-out,1
piousness,1
unshakable,1
steadily,1
unassertive,1
leafy,1
fervent,1
simplicity,1
diligent,1
gorgeous,1
sanction,1
cool,1
accordant,1
jestful,1
steadiness,1
distinguishable,1
laughable,1
legalized,1
strongly,1
momentous,1
well-heeled,1
dominant,1
unremitting,1
topnotch,1
luscious,1
veritable,1
substantially,1
ataraxia,1
serious-mindedness,1
clean-handed,1
gratuitous,1
precisely,1
well-meant,1
heart-to-heart,1
jocund,1
meticulous,1
delighted,1
carefully,1
popular,1
tolerantly,1
amply,1
deliberately,1
laconicism,1
adorability,1
sincerity,1
tight-lipped,1
distinctly,1
kotow,1
energetically,1
fundamentally,1
accommodating,1
priceless,1
senior,1
epoch-making,1
normal,1
speckless,1
hefty,1
merciful,1
spirited,1
celebration,1
funny,1
right,1
safety,1
cautiously,1
heartwhole,1
eminent,1
high-end,1
undisguised,1
incisively,1
silky,1
verdant,1
breakthough,1
effective,1
mellow,1
broad,1
domesticate,1
mirthfulness,1
pamper,1
rhetorical,1
superlative,1
undisguisedly,1
doggedly,1
unselfishness,1
principal,1
appetence,1
self-evident,1
determinate,1
competently,1
favorable,1
determining,1
glowing,1
noted,1
tenacity,1
amiable,1
proper-looking,1
doggedness,1
prettiness,1
meekly,1
unequivocalness,1
evidently,1
influential,1
protocol,1
meet,1
first-rate,1
humanely,1
spectacularly,1
drastical,1
placidity,1
proportioned,1
authentic,1
hope,1
compassionate,1
trouble-taken,1
painstakingness,1
deftly,1
memorable,1
collected,1
unbound,1
traditional,1
amiableness,1
feelbetter,1
unambiguously,1
drool,1
unassuming,1
straightforward,1
unpaid,1
reverent,1
correctly,1
sound,1
adoration,1
cordial,1
historic,1
well-earned,1
abstruse,1
trendy,1
constantly,1
searching,1
philanthropic,1
unquestionably,1
cosset,1
good-natured,1
nice,1
pretty,1
lenient,1
riotously,1
soft-boiled,1
down-to-earth,1
assiduous,1
adroitness,1
tenacious,1
tidily,1
amity,1
symmetric,1
thoroughgoing,1
brave,1
good-looking,1
farsighted,1
prop,1
fair,1
consent,1
generosity,1
democratically,1
well-lit,1
subtransparent,1
syclopentadiene,1
venerate,1
scrupulous,1
voluble,1
cultured,1
favor,1
indomitably,1
disciplined,1
flawless,1
spick,1
well,1
opulence,1
quaint,1
shapely,1
celebrated,1
politely,1
knifelike,1
prudent,1
far-reaching,1
melodious,1
sturdily,1
moderately,1
melodiousness,1
mellisonant,1
open-heartedly,1
hearty,1
compliancy,1
gingerliness,1
freshing,1
well-found,1
deserved,1
chivalrous,1
dispassionateness,1
conscientious,1
amusing,1
public-spirited,1
harmless,1
meaningfulness,1
reverential,1
comfortably,1
humorous,1
vital,1
frugalness,1
enraptured,1
actually,1
brio,1
striking,1
pesistency,1
agree,1
consider,1
effectual,1
well-mannered,1
congratulate,1
glorify,1
promptness,1
vealy,1
largess,1
refinedly,1
eruditional,1
glossy,1
picturesque,1
gratifyingly,1
highly,1
eligible,1
inexpensive,1
affable,1
docile,1
unchanged,1
extroversion,1
contributory,1
placid,1
extraordinary,1
kowtow,1
mercifully,1
dense,1
thoughtfully,1
delicate,1
impartially,1
non-toxic,1
significative,1
cheer,1
proportionately,1
bracing,1
assumed,1
unsparing,1
first-class,1
terseness,1
typically,1
hospitableness,1
preciousness,1
barefaced,1
fair-and-square,1
resilient,1
trippingly,1
sophisticated,1
safe,1
apparently,1
compliment,1
well-known,1
diligently,1
incisive,1
equal,1
methodically,1
readiness,1
audaciously,1
still,1
twinkling,1
vitally,1
hospitably,1
superbly,1
movingly,1
neatness,1
luxuriantly,1
satisfying,1
eye-popping,1
tasteful,1
ratify,1
easiness,1
humoristic,1
obligingly,1
unharmful,1
common,1
requirement,1
beguiling,1
refine,1
sinless,1
companionableness,1
enwrapped,1
valued,1
frugal,1
promotion,1
industry,1
outright,1
deciding,1
rhythmically,1
aptly,1
arrowy,1
functionally,1
refulgent,1
heartily,1
tirelessness,1
matey,1
undemonstrative,1
fantastic,1
lovely,1
pious,1
foresightful,1
unified,1
serenely,1
luxe,1
embosom,1
yes,1
melodic,1
higher,1
remarkable,1
due,1
simplistic,1
clarified,1
beseechingly,1
treasure,1
advanced,1
high-spirited,1
intrepidly,1
good,1
obligingness,1
razorsharp,1
tranquility,1
brief,1
gratuitously,1
pollution-free,1
low-keyed,1
magnanimous,1
glee,1
obediently,1
lightheartedness,1
torrid,1
guiltless,1
support,1
bran-new,1
praisal,1
busy,1
gracious,1
luxuriant,1
focus,1
complaisance,1
incontestable,1
strapping,1
small-denomination,1
well-preserved,1
completely,1
thought-provoking,1
reasonable,1
companionability,1
thrifty,1
mellifluous,1
hygienic,1
expeditious,1
voguish,1
complimentary,1
unruffled,1
tenaciously,1
law-abiding,1
fairness,1
lushly,1
modest,1
high-quality,1
brave-looking,1
necessarily,1
praiseworthy,1
unhurriedly,1
well-drilled,1
thickset,1
perseverence,1
enviable,1
care,1
extravertive,1
busty,1
treasured,1
logical,1
open,1
trenchantly,1
indefatigable,1
loyally,1
regularly,1
congratulation,1
uphold,1
auspicious,1
candid,1
ceremonious,1
broad-mind,1
advantageous,1
clearheaded,1
unanimously,1
satisfied,1
unimpeded,1
self-Contented,1
joyous,1
willingness,1
wittily,1
ceremoniously,1
faithfully,1
affability,1
selfpropelled,1
militant,1
capably,1
manifestly,1
high-grade,1
scrupulousness,1
safely,1
uncompromising,1
religiousness,1
photogenic,1
well-made,1
guiding,1
challenging,1
amiably,1
well-regulated,1
credible,1
honorableness,1
reliability,1
unprejudicedly,1
vast,1
heart-whole,1
fascinated,1
perfectly,1
bighearted,1
unaffectedly,1
diligence,1
haleness,1
far-famed,1
leisurely,1
telegenic,1
easily,1
rapt,1
finest,1
sentimentally,1
propitious,1
effortlessly,1
paramount,1
peacefulness,1
spruce,1
unadulterated,1
sang-froid,1
restfulness,1
sweet,1
valuable,1
gorgeousness,1
thriftiness,1
pungently,1
jolly,1
innocent,1
silent,1
routine,1
self-effacingly,1
luckily,1
glittering,1
handily,1
whole,1
respectfulness,1
solicitously,1
apparentness,1
agitatedly,1
erudite,1
hospitable,1
deliberate,1
unscathed,1
guileless,1
lovingly,1
honourable,1
suavity,1
alluring,1
fecundity,1
favour,1
encourage,1
functional,1
trustiness,1
heroically,1
sensible,1
ace,1
delectable,1
collectedness,1
lightsomeness,1
beauteousness,1
restful,1
touching,1
unconstrained,1
prestigious,1
prerequisite,1
skilled,1
rarified,1
hardworking,1
sonsy,1
colourful,1
majestic,1
back,1
centralization,1
precise,1
mighty,1
punctuality,1
unswerving,1
jealous,1
creamy,1
agreeable,1
valid,1
sinewy,1
florid,1
inarguable,1
exalted,1
scientific,1
spoil,1
encouragement,1
large,1
gorgeously,1
macro,1
top-quality,1
significantly,1
unsubduable,1
dispassionately,1
practised,1
cheap,1
high-flown,1
spiritedness,1
wily,1
chiefly,1
preeminence,1
alertly,1
nucleus,1
supple,1
briskly,1
compactly,1
glaring,1
holy,1
tranquil,1
pensive,1
manly,1
dexterously,1
well-set,1
pithiness,1
aplomb,1
well-situated,1
fulgurant,1
proportionate,1
simplex,1
unadorned,1
densely,1
indefatigableness,1
mannerly,1
appreciate,1
openly,1
well-illuminated,1
well-liking,1
movable,1
gracefully,1
abbreviated,1
definitely,1
needful,1
appropriate,1
placidly,1
circumspection,1
self-respecting,1
verified,1
voluptuousness,1
scientifically,1
summary,1
accessibility,1
rejoice,1
adroit,1
passional,1
adept,1
laconic,1
raptured,1
somberness,1
scenic,1
rhythmical,1
maturely,1
preeminently,1
genteelly,1
nonpatisanship,1
lifelike,1
boldly,1
cleanly,1
dapper,1
housebroken,1
restrained,1
educated,1
smoothly,1
graceful,1
well-bred,1
ardently,1
concentrate,1
sketchily,1
ripeness,1
affirmative,1
devotedly,1
perseveringly,1
consonant,1
punctual,1
genuine,1
permissible,1
picturesqueness,1
pass,1
lyrically,1
legally,1
expect,1
documental,1
sweet-smelling,1
luxury,1
noble-mindedness,1
happily,1
measured,1
mirth,1
easeful,1
adeptly,1
sagaciously,1
crucial,1
exactly,1
humoursome,1
meticulosity,1
fanatical,1
novel,1
pacifically,1
rationally,1
circumspectly,1
significant,1
earnest,1
tonicity,1
sagacious,1
versatile,1
undivided,1
consideration,1
inornate,1
spic,1
dazzling,1
surefire,1
unsullied,1
praise,1
persevering,1
sober,1
mildness,1
pleasing,1
wholeheartedly,1
well-arranged,1
keenly,1
surging,1
shrewdly,1
freshful,1
high-efficacy,1
reward,1
maturate,1
tranquilly,1
firm,1
modish,1
indefinite,1
languish,1
obvious,1
nobiliary,1
submissiveness,1
laconism,1
cleverly,1
tasty,1
thick,1
affectionate,1
admissive,1
puzzling,1
honourableness,1
genially,1
luminous,1
interestingly,1
fashionably,1
selfless,1
complacency,1
circumspect,1
amicably,1
conclusive,1
delightful,1
pregnant,1
permissive,1
smooth-spoken,1
life-or-death,1
homogeneous,1
affableness,1
erect,1
enthralling,1
buoyant,1
extol,1
exalt,1
perdurable,1
genial,1
inspiring,1
hustle,1
winning,1
esthetic,1
amiabley,1
briskness,1
well-proportioned,1
persuasive,1
cheerfully,1
conscientiously,1
well-read,1
persistence,1
uncoditionally,1
precious,1
hilarity,1
tempting,1
discretionary,1
bosomy,1
best,1
eulogy,1
profusely,1
conspicuousness,1
bold,1
lucid,1
clever,1
leniently,1
neighbourly,1
admirable,1
competent,1
self-assertive,1
resolute,1
calmness,1
stably,1
lissom,1
shrewd,1
blameless,1
long-range,1
thoughtfulness,1
star,1
needed,1
appreciation,1
marvellous,1
well-founded,1
unlimitedly,1
marvelous,1
prominent,1
wellarranged,1
briefly,1
sincere,1
humane,1
franchise,1
sacramental,1
ambitious,1
noticeable,1
sedulousness,1
Homeric,1
fundamental,1
cite,1
receive,1
statutory,1
deluxe,1
balmy,1
unanimous,1
balanced,1
initiative,1
heroic,1
top-grade,1
elastic,1
cleverness,1
realistic,1
comely,1
well-versed,1
scented,1
canonic,1
contemplative,1
manoeuvrable,1
tolerant,1
altruism,1
promptly,1
lawful,1
secure,1
immaculate,1
dare,1
selflessly,1
meaningful,1
rock-firm,1
adroitly,1
sharp-eyed,1
heedfulness,1
unyieldingness,1
error-free,1
decisively,1
dainty,1
high-minded,1
dynamically,1
responsible,1
extrovertive,1
unfeigned,1
properly,1
glossily,1
indispensable,1
factually,1
gentle,1
warmly,1
permit,1
extraordinarily,1
stylish,1
palatial,1
hyaloid,1
authoritative,1
low-priced,1
unimpeachable,1
convincing,1
costless,1
modesty,1
exhaustively,1
gradual,1
well-experienced,1
nimblely,1
pliability,1
outstandingly,1
humourous,1
simple-hearted,1
affirmatively,1
mavelously,1
flourishing,1
liberalist,1
curvy,1
ablaze,1
daring,1
cosily,1
modern,1
punctiliousness,1
effortlessness,1
full-flavored,1
refreshed,1
frankness,1
contented,1
sanitary,1
buxom,1
endorsement,1
single-minded,1
succinct,1
earnetly,1
good-hearted,1
idealistic,1
thank,1
willowy,1
ideal,1
nimbly,1
integrated,1
assumptive,1
clearness,1
creditable,1
befitting,1
ingenuous,1
useful,1
gently,1
untiring,1
pleased,1
eminently,1
silken,1
insistent,1
qualified,1
carefree,1
importunately,1
ridiculously,1
enthusiastic,1
magnanimousness,1
clear-cut,1
ludicrously,1
open-minded,1
marvelously,1
ludicrous,1
attentiveness,1
appropriately,1
economically,1
perceptive,1
prismy,1
believable,1
gay,1
maturement,1
magnificent,1
well-developed,1
abstemious,1
unyieldingly,1
vivification,1
compliance,1
consecrate,1
worthy,1
glimmering,1
closemouthed,1
adorable,1
scholarly,1
lissome,1
noncommittal,1
thoughtful,1
invigoration,1
carry,1
well-knit,1
assuredness,1
frank,1
comfortable,1
exciting,1
bistable,1
gladly,1
solicitous,1
forcefully,1
inexpensiveness,1
beautifully,1
sagaciousness,1
zestful,1
grand,1
dialectical,1
virile,1
presentable,1
earnestly,1
mellowed,1
flexibility,1
tripping,1
unfathomable,1
fain,1
defensible,1
inviting,1
conversant,1
united,1
unambiguity,1
unalloyed,1
economical,1
centre,1
reliably,1
sentimental,1
grant,1
new,1
omniscient,1
God-given,1
forceful,1
sensitively,1
ingenious,1
level,1
fervently,1
racy,1
skillfully,1
admire,1
validly,1
relucent,1
collectedly,1
benevolently,1
silver-tongued,1
successful,1
lush,1
beauty,1
unambitious,1
unreserved,1
unconfined,1
hot-blooded,1
frugally,1
nimble,1
simple,1
civilized,1
intact,1
redolent,1
philanthropical,1
clear-visioned,1
durable,1
persistent,1
dexterity,1
facetious,1
well-grounded,1
equitably,1
overpraise,1
proficient,1
facinating,1
famous-brand,1
pragmatic,1
select,1
efficacious,1
great,1
literal,1
neat,1
mature,1
inviolate,1
exuberantly,1
steady-state,1
lively,1
easy,1
preeminent,1
sympathetic,1
complacence,1
amicableness,1
deeply,1
established,1
well-advised,1
reception,1
cordiality,1
self-collected,1
limpidly,1
clear-thinking,1
mild,1
quick-witted,1
virtuoso,1
content,1
generous,1
five-star,1
expedient,1
minutely,1
vigorous,1
imcomparable,1
truthful,1
long-wearing,1
meritorious,1
fondle,1
dexterous,1
legitimate,1
notable,1
sociable,1
revolutionary,1
ratification,1
assiduously,1
substantive,1
programmatic,1
resplendency,1
gliding,1
well-lubricated,1
undamaged,1
ecstatic,1
expectation,1
pleasantly,1
propitiously,1
hail-fellow-well-met,1
cheerful,1
soldierlike,1
humbleness,1
concentrated,1
felicitation,1
resplendent,1
industrious,1
incorruptible,1
solidly,1
trim,1
stout,1
clear-sighted,1
forthright,1
unbiased,1
factual,1
joyful,1
saintlike,1
staunchly,1
svelte,1
curvaceoue,1
brisk,1
reverently,1
nonvenomous,1
insightful,1
proverbial,1
skimpy,1
superb,1
gleefulness,1
indefatigability,1
witty,1
unconcealed,1
quietness,1
doughty,1
utter,1
perseverance,1
accurate,1
burning,1
unvarnished,1
caution,1
aromatic,1
mirthful,1
respect,1
honor,1
welllit,1
lithe,1
permission,1
concordantly,1
courteously,1
sharp,1
superior,1
tractableness,1
intriguing,1
illustrious,1
fantabulous,1
warmheartedly,1
polished,1
complacent,1
sylphlike,1
frugality,1
noble,1
prayerful,1
determinant,1
shiny,1
explicitly,1
overcautious,1
brawny,1
hilarious,1
appetizing,1
unifiable,1
courageous,1
apt,1
wonderfully,1
certain,1
symmetrically,1
democratic,1
adoption,1
deliciously,1
fragrant,1
ably,1
refreshful,1
daringly,1
pricelessness,1
determing,1
respectable,1
epidemic,1
orderly,1
well-trained,1
crucially,1
awesomely,1
trusty,1
main,1
excellent,1
indornitable,1
gallantly,1
distinctive,1
actively,1
conclusively,1
correct,1
comeliness,1
upright,1
glidingly,1
yummy,1
illuminating,1
considerate,1
sedulous,1
wishful,1
devout,1
high-benefit,1
judiciousness,1
courageously,1
unequivocal,1
veracious,1
undeniable,1
sacred,1
impassioned,1
sweet-sounding,1
apparent,1
wish,1
suitably,1
justified,1
transparent,1
elegantly,1
cordially,1
mildly,1
piously,1
semi-overt,1
avidly,1
canonical,1
profound,1
practicable,1
graveness,1
supreme,1
clean,1
funnily,1
profuse,1
staunch,1
top-notch,1
coddle,1
intelligent,1
tip-top,1
normally,1
constitutional,1
unshaken,1
fortunately,1
agreeableness,1
candidly,1
jubilancy,1
thrift,1
miss,1
celebrate,1
amicable,1
exquisiteness,1
indisputable,1
ungrudging,1
devoutly,1
unencumbered,1
all-round,1
freshly,1
enjoy,1
enjoyable,1
objective,1
affluent,1
pensiveness,1
cheaply,1
shining,1
apposite,1
defendable,1
craving,1
quality,1
warm,1
commend,1
world-shattering,1
worship,1
equitable,1
voluntary,1
harmonious,1
chummy,1
original,1
commonly,1
calmly,1
well-done,1
frantic,1
gravitate,1
agitated,1
acclaimation,1
impartiality,1
serviceable,1
mindful,1
conformable,1
marvellously,1
quick,1
highborn,1
promisingly,1
sedulity,1
impayable,1
well-born,1
floridly,1
rattling,1
fortunate,1
satisfactory,1
persistently,1
prosperous,1
pomp,1
pat,1
reputable,1
sleekly,1
well-balanced,1
deterministic,1
astutely,1
perseverant,1
solemnity,1
openhearted,1
reflective,1
categorically,1
equality,1
bright,1
unbiassed,1
luxuriance,1
central,1
well-measured,1
exhaustive,1
charmingly,1
floppy,1
docility,1
esoteric,1
plump,1
happy-go-lucky,1
spotlessly,1
orthodox,1
winsome,1
delightfully,1
picturesquely,1
steadfast,1
positively,1
intelligible,1
svetle,1
set,1
quietude,1
lyrical,1
amusingly,1
impressive,1
justifiable,1
acknowledgment,1
prize,1
vigilantly,1
acutely,1
agile,1
truly,1
nobility,1
adore,1
macro-,1
grandiose,1
unsophisticated,1
talented,1
ornate,1
jealousy,1
solemnly,1
strikingly,1
outspoken,1
approve,1
lofty,1
maidenlike,1
smoothness,1
hyaline,1
modestly,1
love,1
indefinitely,1
spanking,1
suavely,1
symmetrical,1
self-evidently,1
rich,1
heady,1
exultant,1
sociability,1
ripe,1
fruitful,1
hallow,1
timesaving,1
expertly,1
healthy,1
loyal,1
ostensible,1
saintly,1
crystal,1
sharply,1
placidness,1
jovial,1
intelligently,1
actual,1
ingrained,1
palpable,1
quick-wittedly,1
literate,1
tameness,1
exemplary,1
vigorously,1
admiration,1
high-ranking,1
plainspoken,1
adeptness,1
glistening,1
humourously,1
staidly,1
clearly,1
detailed,1
toughness,1
expert,1
efficiently,1
concordant,1
brightly,1
deftness,1
commendment,1
enchanted,1
desperately,1
contentment,1
sedate,1
high-standard,1
fashionable,1
openhandedness,1
prettily,1
tastefully,1
consistently,1
plastic,1
extraversion,1
ache,1
soldierly,1
majesty,1
keen,1
selflessness,1
wise,1
interesting,1
enticing,1
affectionately,1
extrovert,1
acknowledgement,1
dedicated,1
heartening,1
ambitiously,1
legitimately,1
prominently,1
wellorganized,1
living,1
preferable,1
eye-catching,1
cautiousness,1
serenity,1
commendation,1
discreetly,1
dour,1
undiscriminating,1
thriftily,1
well-judged,1
impregnable,1
unexampled,1
virtuous,1
unblocked,1
rakish,1
decisiveness,1
fine-grained,1
essentially,1
recondite,1
unitary,1
opulent,1
self-possessed,1
contemplativeness,1
attentive,1
honorary,1
citation,1
equally,1
firmly,1
discreet,1
enlightening,1
unrestrictedly,1
lithesome,1
rational,1
necessary,1
honesty,1
pellucidness,1
kind,1
stillness,1
unbending,1
predicative,1
jubilant,1
well-appointed,1
rarely,1
appetency,1
successfully,1
abstemiousness,1
dinified,1
piety,1
immobile,1
hopeful,1
boost,1
raffish,1
frankly,1
sanguine,1
sharpness,1
pellucidity,1
cautious,1
enthusiastically,1
spick-and-span,1
well-off,1
alacrity,1
peaceful,1
well-pleasing,1
fluent,1
spotless,1
cheapness,1
weighty,1
well-defined,1
principled,1
engrossed,1
somber,1
humility,1
veneration,1
explicit,1
acclamation,1
matter,1
prudently,1
constructive,1
scrupulously,1
personable,1
concise,1
touchingly,1
composed,1
worshipful,1
abundant,1
errorless,1
final,1
proper,1
award,1
well-informed,1
thoroughly,1
standard,1
acceptance,1
glabrous,1
sage,1
tenderly,1
euphonious,1
high-power,1
freehanded,1
unpretentious,1
animate,1
bonhomie,1
key,1
acclaim,1
insouciant,1
irrefutable,1
realistically,1
unambiguous,1
versatility,1
well-fixed,1
strong,1
pertinent,1
naturalness,1
geniality,1
mainly,1
mercy,1
seasoned,1
sweetly,1
trustily,1
well-looking,1
uniformly,1
rarefied,1
rapturous,1
gifted,1
superfine,1
assiduousness,1
self-possession,1
equable,1
optimistically,1
meticulousness,1
thriving,1
friendliness,1
satiny,1
abundantly,1
debonair,1
invaluableness,1
lyricality,1
enigmatical,1
essential,1
lovesome,1
worldly-wise,1
want,1
fair-minded,1
promote,1
submissive,1
concrete,1
submissively,1
glad,1
optimal,1
urbanity,1
even-handed,1
light-hearted,1
leniency,1
gratified,1
simplified,1
heedful,1
drastic,1
unmistakable,1
brainy,1
providential,1
vividness,1
definitive,1
fluently,1
translucent,1
reverence,1
suitable,1
earnestness,1
trenchant,1
excitingly,1
industriously,1
varnished,1
advisable,1
valiantly,1
dearly,1
plucky,1
single,1
fantastically,1
invulnerable,1
husky,1
elaborate,1
meek,1
assiduity,1
evenhanded,1
consummate,1
downright,1
optimum,1
enchanting,1
skilfully,1
alert,1
decent,1
imploringly,1
ingeniously,1
smart,1
perkiness,1
unflagging,1
faithful,1
flaming,1
prosperously,1
splendidly,1
certainly,1
tranquillity,1
spry,1
unreservedly,1
oustanding,1
resolutely,1
outstanding,1
flatly,1
magnanimously,1
staid,1
penetrating,1
loud,1
legal,1
A-one,1
fulgurous,1
admirration,1
hard-working,1
blatant,1
plane,1
luckly,1
overwhelming,1
vigilant,1
welcome,1
entranced,1
sedately,1
typical,1
lawfully,1
primary,1
grandly,1
cardinal,1
lushness,1
sauciness,1
suave,1
world-class,1
richly,1
systematic,1
high-tensile,1
wrapped,1
conformation,1
esteem,1
comical,1
approachability,1
graciousness,1
irreprochable,1
definite,1
whirling,1
your,1
astonied,-1
priggishness,-1
bawdy,-1
delusive,-1
criminal,-1
unsanitary,-1
profitless,-1
unwise,-1
lousy,-1
calamitous,-1
impudent,-1
presumptuous,-1
unidentified,-1
unshapely,-1
barbaric,-1
thin,-1
jarring,-1
seedy,-1
hideousness,-1
lengthy,-1
pitted,-1
shallowly,-1
impulsiveness,-1
inhumane,-1
self-contradictory,-1
sullenness,-1
silly,-1
nerve-racking,-1
uninvited,-1
patriarchal,-1
mindlessness,-1
parsimoniousness,-1
sly,-1
insuperable,-1
pompous,-1
poor-spirited,-1
horrifing,-1
slapdashly,-1
stony-broke,-1
indigence,-1
proudhearted,-1
harsh,-1
erroneous,-1
unsociableness,-1
engrossment,-1
mercilessly,-1
undisciplinedly,-1
unrefined,-1
lubber,-1
messily,-1
scattered,-1
trivialities,-1
graceless,-1
unrealistic,-1
confusion,-1
slovenly,-1
turbidness,-1
unthinking,-1
disgusting,-1
sickening,-1
stupefied,-1
sorrow,-1
illogic,-1
inutile,-1
assail,-1
toxicant,-1
curse,-1
wilful,-1
unemotionally,-1
inauspicious,-1
malevolent,-1
greedily,-1
darkness,-1
ponderous,-1
subjectively,-1
heinous,-1
mephistophelean,-1
prodigal,-1
deficient,-1
lackadaisical,-1
anguished,-1
bookworship,-1
doubtful,-1
pitilessness,-1
dishonorableness,-1
dusty,-1
feebleminded,-1
irreversible,-1
misted,-1
wearriful,-1
letdown,-1
infirm,-1
indelicacy,-1
rascally,-1
careless,-1
unthoughtfulness,-1
surprise,-1
ho-hum,-1
offstage,-1
unworthiness,-1
tasteless,-1
furtiveness,-1
overbold,-1
trifles,-1
armchair,-1
vapourish,-1
verboseness,-1
sticky-fingered,-1
ignominiously,-1
sympathy,-1
maleficent,-1
suppositional,-1
unsightly,-1
faintly,-1
underbred,-1
prejudiced,-1
calculating,-1
poverty-stricken,-1
hardheartedness,-1
mystifying,-1
unjustly,-1
extramarital,-1
goatish,-1
equivocate,-1
partial,-1
dictatorial,-1
hollow,-1
gruffness,-1
cockeyed,-1
pettishness,-1
fiercely,-1
porous,-1
vainly,-1
ill-timed,-1
feebleness,-1
rebarbative,-1
dejected,-1
nocuous,-1
diffident,-1
violently,-1
denounce,-1
high-price,-1
austere,-1
lightheadedness,-1
timeworn,-1
clapperclaw,-1
finicky,-1
queasiness,-1
lonesome,-1
ill-bred,-1
bossiness,-1
absurdly,-1
self-indulgent,-1
unfasionable,-1
headachy,-1
hoggish,-1
sworn,-1
unscientific,-1
unfairly,-1
hopelessness,-1
repetitiveness,-1
surreptitious,-1
larcenous,-1
accuse,-1
unkind,-1
overcast,-1
scornful,-1
unlawful,-1
ribaldary,-1
arduous,-1
carelessness,-1
stupidly,-1
dilapidated,-1
detest,-1
minginess,-1
worried,-1
simple-minded,-1
unfrequented,-1
never-do-well,-1
mercilessness,-1
hideously,-1
immorally,-1
illegitimate,-1
nerve-wracking,-1
pettiness,-1
salacity,-1
unquiet,-1
obsolescent,-1
inadequate,-1
daft,-1
sulkiness,-1
passiveness,-1
inadvertently,-1
oppugn,-1
unasked,-1
joylessness,-1
abjectly,-1
half-witted,-1
idiotic,-1
ill-informed,-1
plainness,-1
low-spiritedness,-1
flirtatious,-1
autocratically,-1
rough,-1
brutally,-1
callously,-1
untruthful,-1
unorthodox,-1
curtness,-1
irritably,-1
pietistic,-1
pity,-1
mutable,-1
ice-cold,-1
listless,-1
dishonour,-1
unadvisable,-1
mazy,-1
tyranny,-1
standoffishly,-1
dispiritedness,-1
fear,-1
reproach,-1
whimsey,-1
lukewarmness,-1
unaccompanied,-1
creasy,-1
tightfistedness,-1
craftily,-1
poltroonish,-1
amazed,-1
painful,-1
rude,-1
rebuke,-1
inexperienced,-1
standpat,-1
preoccupancy,-1
disused,-1
illusive,-1
undramatic,-1
prosaic,-1
vulgarism,-1
imperious,-1
illusionary,-1
derision,-1
poor,-1
salacious,-1
vacuous,-1
impoverished,-1
inconsequent,-1
reluctance,-1
outrageously,-1
bluntness,-1
furiously,-1
crude,-1
negligent,-1
puddingheaded,-1
hackneyed,-1
stuffy,-1
bulky,-1
stinginess,-1
inclement,-1
low-spirited,-1
stilted,-1
giddy,-1
pitch-dark,-1
bookishness,-1
stressful,-1
vexed,-1
illicitly,-1
unstandard,-1
inefficiently,-1
horrified,-1
mockery,-1
heedless,-1
stoicism,-1
unnaturalness,-1
aggressive,-1
awkwardness,-1
nerveless,-1
insinuation,-1
bloody,-1
double-dealing,-1
labile,-1
untutored,-1
mischievously,-1
repent,-1
foolishly,-1
regrettable,-1
acerbic,-1
unbeknown,-1
nonfunctional,-1
rudeness,-1
condemn,-1
irresolute,-1
venomous,-1
prosy,-1
lawless,-1
promiscuously,-1
oldish,-1
disreputability,-1
discreditable,-1
imperative,-1
frivolity,-1
timorousness,-1
distorted,-1
imprudence,-1
unseasonably,-1
worthless,-1
alarming,-1
titular,-1
devious,-1
anomalous,-1
indistinctly,-1
indecently,-1
barbarian,-1
wobbly,-1
marblehearted,-1
so-called,-1
ungrateful,-1
counterfeit,-1
murky,-1
unfeasible,-1
enraged,-1
crabbedness,-1
concerned,-1
laborious,-1
standoffishness,-1
trite,-1
immature,-1
hesitation,-1
boastful,-1
mournful,-1
scoundrelly,-1
disagreeable,-1
wordiness,-1
bossy,-1
unadvised,-1
ill-shapen,-1
arduously,-1
conversely,-1
forgive,-1
unnerved,-1
inanity,-1
stagy,-1
disdain,-1
unintelligent,-1
misty,-1
vaguely,-1
blame,-1
thievishness,-1
apathetically,-1
irresponsibleness,-1
shockingly,-1
fugitive,-1
stampede,-1
disadvantageous,-1
groundlessly,-1
fraudulent,-1
ambiguous,-1
baneful,-1
oppressive,-1
toilsome,-1
italic,-1
slow-witted,-1
illogical,-1
inimical,-1
unhelpful,-1
insensitively,-1
obscene,-1
pocked,-1
disagreeably,-1
stuck-up,-1
wander,-1
unsatisfactory,-1
extracurricular,-1
libidinous,-1
dementedly,-1
undiscipline,-1
unreliability,-1
inharmonious,-1
cursory,-1
smothery,-1
solitary,-1
feeblemindedness,-1
discourtesy,-1
asinine,-1
underestimate,-1
withered,-1
nonsignificant,-1
ruthlessly,-1
quick-tempered,-1
immodest,-1
lachrymose,-1
indiscipline,-1
ticklish,-1
untalkative,-1
dully,-1
flightily,-1
inadvertency,-1
wretchedness,-1
fickle,-1
rayless,-1
grueling,-1
trumpery,-1
ungainly,-1
burdensome,-1
denunciation,-1
flagitiously,-1
inexpedient,-1
opinionated,-1
pockmarked,-1
uncommunicative,-1
oafish,-1
emotionlessness,-1
self-reproach,-1
reluctantly,-1
injurious,-1
compelling,-1
pointless,-1
foolish,-1
assuming,-1
castigate,-1
criticize,-1
niggling,-1
waver,-1
variable,-1
repugnant,-1
insanitary,-1
stifled,-1
transgress,-1
shocked,-1
hazardous,-1
uselessness,-1
flirtatiously,-1
hypocrisy,-1
dissatisfied,-1
bounderish,-1
capriciousness,-1
foolhardiness,-1
cowardly,-1
wicked,-1
distasteful,-1
doubt,-1
self-importantly,-1
equivocal,-1
troublesome,-1
sociopathic,-1
inactiveness,-1
anonymous,-1
compulsivity,-1
cuckold,-1
sinful,-1
quackish,-1
loathe,-1
tiring,-1
sniffish,-1
falsely,-1
nastily,-1
frustrated,-1
knavish,-1
preoccupation,-1
ominous,-1
aggressively,-1
chickenhearted,-1
grim,-1
arrogant,-1
utopian,-1
morose,-1
cacophonous,-1
cynically,-1
redundance,-1
conservative,-1
rigescent,-1
dissonant,-1
sinister,-1
frightful,-1
lone,-1
hastiness,-1
inexorableness,-1
loneliness,-1
undisclosed,-1
spiteful,-1
dull,-1
noisy,-1
muddle-headed,-1
ill-founded,-1
slavish,-1
shoddiness,-1
nonspecific,-1
baseness,-1
flirting,-1
bumpy,-1
smothering,-1
urine-smelling,-1
depressing,-1
inopportunely,-1
accursed,-1
insignificant,-1
scared,-1
inferior,-1
idleness,-1
heavily,-1
disastrous,-1
negative,-1
perverse,-1
incoherent,-1
amorous,-1
inexpedience,-1
simplism,-1
unfinished,-1
crookedly,-1
indisposition,-1
niggardly,-1
noxious,-1
non-renewable,-1
conceited,-1
thickheaded,-1
ill-gotten,-1
hard-earned,-1
spotty,-1
embarrassing,-1
veiled,-1
dreariness,-1
turgidness,-1
unhealthiness,-1
darkly,-1
unwisdom,-1
impetuously,-1
noisome,-1
swash,-1
sloppy,-1
repentant,-1
jerkily,-1
harebrained,-1
ghastly,-1
coquettishly,-1
thorny,-1
illusory,-1
bureaucratic,-1
restlessly,-1
playful,-1
mistakenly,-1
sigh,-1
illogicalness,-1
confoundly,-1
destructive,-1
prolixness,-1
execrable,-1
misery,-1
obnoxious,-1
mandatory,-1
irresolution,-1
old-style,-1
unemotionality,-1
higgledy-piggledy,-1
confused,-1
abus,-1
magisterial,-1
dismal,-1
lean,-1
acrimony,-1
grumpiness,-1
assault,-1
fallacious,-1
foggy,-1
intricate,-1
phantasmagoric,-1
crestfallen,-1
uncircumstantia,-1
irrelevant,-1
erogenous,-1
insidious,-1
misshapen,-1
unwieldiness,-1
distracted,-1
ungentlemanlike,-1
lasciviously,-1
unstable,-1
complain,-1
subservient,-1
whimsicality,-1
unorganized,-1
solitude,-1
intolerable,-1
crabbed,-1
unenviable,-1
crudeness,-1
nauseatingly,-1
sybaritic,-1
lowbred,-1
implacable,-1
damnatory,-1
unpredictable,-1
disdainfulness,-1
acclivous,-1
boorishness,-1
weedy,-1
flippancy,-1
gawky,-1
unruly,-1
complaint,-1
biased,-1
indolence,-1
uselessly,-1
intemperate,-1
inauspiciousness,-1
lewdness,-1
excuse,-1
insensitive,-1
foul,-1
muddled,-1
spiciness,-1
vexing,-1
closefisted,-1
indistinct,-1
feeble,-1
inclined,-1
sanctimony,-1
impeach,-1
immanent,-1
dumbstruck,-1
wastefully,-1
conscienceless,-1
unsafe,-1
despair,-1
unhealthily,-1
indolent,-1
disheartened,-1
waton,-1
noisily,-1
capricious,-1
equivocally,-1
mix,-1
uneducated,-1
clannish,-1
unattractive,-1
impiety,-1
breathtaking,-1
cumbersome,-1
queerish,-1
torpor,-1
conscience-stricken,-1
impassive,-1
salaciously,-1
peremptory,-1
overbearing,-1
contrariness,-1
ill-conditioned,-1
overload,-1
autocraticcally,-1
absorption,-1
unattractiveness,-1
hate,-1
resentful,-1
privy,-1
wordy,-1
aloneness,-1
dusky,-1
self-important,-1
fret,-1
shilly-shally,-1
irascible,-1
banal,-1
distressed,-1
lewd,-1
self-centred,-1
displeased,-1
impoliteness,-1
shortsighted,-1
bloody-minded,-1
implicit,-1
lightless,-1
carnal,-1
gawkiness,-1
improperness,-1
tightfisted,-1
stubborn,-1
discord,-1
condonation,-1
sorrow-stricken,-1
unconcerned,-1
stereotyped,-1
hazily,-1
loveless,-1
unscrupulousness,-1
overelaborate,-1
gimcrack,-1
onerous,-1
verisimilar,-1
infertile,-1
nonluminous,-1
luxury-living,-1
infeasible,-1
unfairness,-1
neglectful,-1
unprovoked,-1
hard-going,-1
lecture,-1
insidiously,-1
unsatisfied,-1
cold,-1
hard,-1
sanguinary,-1
brutal,-1
unimportant,-1
unreliable,-1
malign,-1
verbosity,-1
improperly,-1
flippantly,-1
insurmountable,-1
ribald,-1
substandard,-1
uncomely,-1
grievous,-1
dangerous,-1
fake,-1
virtuelessly,-1
scrappy,-1
cumbersomeness,-1
sombrely,-1
bored,-1
lavishly,-1
overweight,-1
hideous,-1
fearsome,-1
pedantic,-1
churlishness,-1
imprudent,-1
impatient,-1
inconstant,-1
fragile,-1
indigenous,-1
roughshod,-1
reprimand,-1
iniquitous,-1
censure,-1
ineloquent,-1
downheartedness,-1
grieved,-1
shock,-1
decry,-1
illegal,-1
unmindful,-1
frozen,-1
shameful,-1
cheating,-1
ill,-1
mutinous,-1
rugged,-1
penitence,-1
double-faced,-1
wild,-1
mephitic,-1
irresponsibility,-1
ignoble,-1
self-absorbed,-1
inefficacious,-1
heartbroken,-1
crumpled,-1
idle,-1
reproof,-1
obsolescence,-1
insatiable,-1
odious,-1
ill-timedly,-1
unamiable,-1
change,-1
conceit,-1
coarsely,-1
nonchalantly,-1
bothersome,-1
faintness,-1
absentminded,-1
stagnant,-1
flagrant,-1
pruriency,-1
impulsively,-1
ramblingly,-1
muddy,-1
unclean,-1
orgulous,-1
prevarication,-1
naughty,-1
dry,-1
exaggerative,-1
callowness,-1
sunless,-1
inappropriate,-1
repetitiousness,-1
pleonasm,-1
tyrannically,-1
ungentlemanly,-1
inanimate,-1
voluptuous,-1
hastily,-1
sad,-1
grotesquerie,-1
amorally,-1
absent-mindedly,-1
unfriendliness,-1
pavid,-1
impetuosity,-1
latent,-1
abandoned,-1
clumsy,-1
undiversified,-1
pessimistically,-1
uppishness,-1
jejuneness,-1
virtual,-1
old,-1
awful,-1
unfertile,-1
pardon,-1
stun,-1
awe-inspirng,-1
bad,-1
crankiness,-1
involute,-1
private,-1
scabrous,-1
brazen,-1
uninhabitable,-1
degenerate,-1
nescient,-1
spurious,-1
excessively,-1
haughty,-1
compound,-1
licentious,-1
penance,-1
ill-breeding,-1
secretly,-1
confining,-1
stealthy,-1
tottery,-1
luxuriously,-1
overbearingness,-1
austerely,-1
churlishly,-1
listlessness,-1
disturbing,-1
hasty,-1
impolite,-1
inflexibility,-1
lubberly,-1
nominally,-1
unbridled,-1
coldness,-1
precipitous,-1
obscenity,-1
uncouth,-1
underripe,-1
hair-raising,-1
sombre,-1
alone,-1
taunt,-1
secluded,-1
invalidly,-1
testily,-1
taciturn,-1
craftiness,-1
uncouthly,-1
monotony,-1
piteous,-1
unmanageable,-1
inane,-1
viciously,-1
hurriedly,-1
acidulous,-1
disastrously,-1
coarseness,-1
abruptly,-1
cowardice,-1
inadequately,-1
scheming,-1
boredom,-1
impotent,-1
unregistered,-1
intricately,-1
tragically,-1
penury,-1
reek,-1
heavy-footed,-1
tedium,-1
worldly,-1
frivolous,-1
rueful,-1
cruel,-1
redoubtable,-1
fatuousness,-1
crossness,-1
meagrely,-1
stiffness,-1
virulent,-1
angry,-1
snobbishly,-1
sourness,-1
arbitrary,-1
taciturnity,-1
incompetence,-1
impiousness,-1
reckless,-1
wantonly,-1
hot-tempered,-1
artful,-1
inversely,-1
maliciously,-1
used,-1
despotically,-1
uncourteous,-1
terribleness,-1
negatively,-1
bullheaded,-1
demented,-1
sparingly,-1
weakly,-1
irresoluteness,-1
peremptorily,-1
wearisome,-1
broken-hearted,-1
labyrinthian,-1
levity,-1
contradictory,-1
dislike,-1
acrid,-1
indolently,-1
meagre,-1
cowardliness,-1
aimless,-1
relentlessness,-1
flightiness,-1
parochial,-1
fragmentary,-1
arbitrarily,-1
astonished,-1
unscholarly,-1
alarmed,-1
casually,-1
puckery,-1
wobble,-1
blurred,-1
dishonourable,-1
forced,-1
philistine,-1
unversed,-1
deride,-1
inconsiderate,-1
causeless,-1
skeptical,-1
unbecomingly,-1
incompetency,-1
ungodly,-1
aloof,-1
ulterior,-1
immoral,-1
unrestraint,-1
cheerlessness,-1
regardless,-1
fickleness,-1
awfulness,-1
mindless,-1
unsmooth,-1
puerile,-1
unflavored,-1
promiscuous,-1
scandalous,-1
low-down,-1
outlawed,-1
pushiness,-1
blackguard,-1
venomously,-1
basely,-1
severely,-1
duplicitious,-1
seemingly,-1
untrustworthiness,-1
adulterous,-1
stealth,-1
improper,-1
standoffish,-1
irascibility,-1
agonized,-1
irregular,-1
high-handed,-1
outlawry,-1
amazing,-1
barren,-1
homeliness,-1
spare,-1
crabby,-1
illiberal,-1
sexy,-1
cliquishness,-1
secondhand,-1
snuffy,-1
disagreement,-1
slavishly,-1
faint,-1
wanton,-1
surplus,-1
superfluous,-1
unsociable,-1
deceitfulness,-1
junior,-1
trying,-1
shifty-eyed,-1
clannishness,-1
expensiveness,-1
unreasonable,-1
incredulous,-1
untouched,-1
voluptuary,-1
inequable,-1
gloomy,-1
terrifying,-1
goaty,-1
nonuniform,-1
unsporting,-1
unfavorable,-1
suffocated,-1
unobservant,-1
mendacious,-1
revile,-1
naivety,-1
world-weary,-1
heterogeneous,-1
lengthily,-1
reticently,-1
resent,-1
impolitely,-1
uncivilized,-1
absurdist,-1
indifference,-1
fussy,-1
horrendous,-1
unhealthy,-1
disheveled,-1
swagger,-1
commiserate,-1
indignant,-1
brusquely,-1
unmindfulness,-1
guilty,-1
dilatory,-1
frightening,-1
unctuous,-1
damnably,-1
partially,-1
stingily,-1
untimely,-1
queasy,-1
perversely,-1
casual,-1
inhospitableness,-1
disregard,-1
preposterous,-1
unproductive,-1
unpresentable,-1
inadvertent,-1
timorous,-1
expensive,-1
inexplicable,-1
fearful,-1
rickety,-1
furious,-1
tricksy,-1
deplorable,-1
coldly,-1
slyly,-1
irresponsible,-1
sanctimonious,-1
ignorant,-1
obtuse,-1
impecunious,-1
blistering,-1
inertly,-1
languid,-1
skew-whiff,-1
vitriolic,-1
woebegone,-1
inapt,-1
toxic,-1
unethical,-1
unmercifulness,-1
mystifyingly,-1
eccentric,-1
domineeringness,-1
treacherous,-1
crabbiness,-1
slapdash,-1
ambiguously,-1
strenuous,-1
murkness,-1
pampered,-1
stupid-looking,-1
befuddled,-1
otiose,-1
vacillate,-1
cocky,-1
careworn,-1
discreditably,-1
appalling,-1
servile,-1
wilfully,-1
uncharitable,-1
snobbishness,-1
fraudulently,-1
self-importance,-1
madding,-1
underhanded,-1
awesome,-1
poverty,-1
dishevelled,-1
secret,-1
mediocre,-1
unsteady,-1
brusque,-1
disconcerting,-1
debauched,-1
exclusiveness,-1
generally,-1
imaginary,-1
low-standard,-1
vapouring,-1
two-timing,-1
damnable,-1
irrelievable,-1
clubby,-1
bombastic,-1
ruthlessness,-1
unworthy,-1
unpractised,-1
unusually,-1
misanthropic,-1
unscrupulously,-1
hurried,-1
indistinctive,-1
extreme,-1
salaciousness,-1
lower,-1
closed,-1
unsuitable,-1
abhorrent,-1
drearily,-1
skittishly,-1
illegibly,-1
grimly,-1
aslant,-1
unforesightful,-1
surprised,-1
tiresomeness,-1
rotten,-1
gewgaw,-1
deceitfully,-1
highblown,-1
ill-spent,-1
raw,-1
unmannerly,-1
subjunctive,-1
dearness,-1
rigidly,-1
unreliableness,-1
insatiate,-1
astounded,-1
abhor,-1
barely,-1
passively,-1
rancid,-1
gaminess,-1
metastatic,-1
unknowing,-1
choppy,-1
uneven,-1
lumpish,-1
incompact,-1
strained,-1
unholy,-1
lustfully,-1
fabricated,-1
pinheaded,-1
eagerly,-1
small,-1
rancour,-1
lascivious,-1
perilous,-1
unwary,-1
defy,-1
opacity,-1
perverted,-1
caustically,-1
feckless,-1
refutation,-1
unmentionable,-1
demoded,-1
outmoded,-1
disagreeableness,-1
thievish-looking,-1
weird,-1
loginess,-1
unclear,-1
unrenewable,-1
terror-stricken,-1
undercover,-1
insipid,-1
wrongly,-1
panic-struck,-1
harehearted,-1
dissolute,-1
out-of-date,-1
addled,-1
ridicule,-1
insolently,-1
dirty,-1
indecorous,-1
fluctuate,-1
pernicious,-1
cursorily,-1
superciliousness,-1
uppish,-1
conservatively,-1
unpromising,-1
disappointment,-1
unfaithfulness,-1
unsubstantial,-1
queer,-1
oppressively,-1
frigidity,-1
unpalatable,-1
fetid,-1
savage,-1
vestigial,-1
prolix,-1
opprobrious,-1
discriminatorily,-1
excessive,-1
tricky,-1
antisymmetric,-1
avariciously,-1
piecemeal,-1
nasty,-1
commiseration,-1
ill-tempered,-1
painstaking,-1
inert,-1
sluggish,-1
testy,-1
unskilled,-1
unmarketable,-1
frivolousness,-1
second-class,-1
empathize,-1
flagitious,-1
unjustifiable,-1
maniac,-1
dictatorially,-1
disloyal,-1
dominating,-1
snobbery,-1
unthrifty,-1
stingy,-1
revil,-1
childishly,-1
illegally,-1
soulless,-1
stealthily,-1
extortionate,-1
hesitate,-1
inverse,-1
empty-headed,-1
frightfulness,-1
ignominiousness,-1
empty,-1
assertively,-1
unchecked,-1
dubious,-1
withdrawnness,-1
unfamiliar,-1
vague,-1
disgracefulness,-1
lopsided,-1
stinking,-1
terrified,-1
carnality,-1
dangerously,-1
artificial,-1
composite,-1
foolhardy,-1
sundry,-1
hypocritical,-1
unmeet,-1
cannibalistic,-1
underground,-1
shady,-1
jaundice,-1
unsightliness,-1
blaspheme,-1
contemptibly,-1
dismally,-1
arrgant,-1
sulphurous,-1
inconvenience,-1
incorrect,-1
unfledged,-1
uninteresting,-1
unkempt,-1
incogitant,-1
boisterous,-1
boring,-1
marvel,-1
devastating,-1
incomplete,-1
unenlightened,-1
abashed,-1
backbreaking,-1
disproportionate,-1
venenous,-1
hedonic,-1
chastise,-1
bloodlust,-1
condescension,-1
crammed,-1
fishy,-1
planless,-1
heinously,-1
scaly,-1
void,-1
fatuous,-1
hesitancy,-1
light-fingered,-1
snappishness,-1
reproachful,-1
bloodthirstiness,-1
calculative,-1
unapproachable,-1
foul-smelling,-1
overweeningly,-1
hypertoxic,-1
low-quality,-1
perplexedly,-1
indecent,-1
stealthiness,-1
ashamed,-1
attack,-1
changing,-1
monotonous,-1
contemptuous,-1
inappropriately,-1
disconsolateness,-1
affectedness,-1
insolent,-1
incredibly,-1
adverse,-1
kaleidoscopic,-1
fractious,-1
presumptuously,-1
unqualified,-1
solecistic,-1
gruesome,-1
costliness,-1
surprising,-1
jaggedly,-1
incompleted,-1
incongruous,-1
high-cost,-1
bitter,-1
unanimated,-1
hopeless,-1
low-value,-1
clandestinely,-1
fledgling,-1
worn-out,-1
interbreed,-1
splenetic,-1
mystical,-1
outdated,-1
precariously,-1
unlovely,-1
indiscreetly,-1
inharmonic,-1
nominal,-1
absent-minded,-1
conceitedly,-1
despondent,-1
relentlessly,-1
superficial,-1
inexpediency,-1
incredible,-1
old-fashionedness,-1
neglect,-1
deadening,-1
pessimistic,-1
long-winded,-1
bloodsucking,-1
scold,-1
unwilling,-1
smelly,-1
sternly,-1
cold-shoulder,-1
haughtiness,-1
raciness,-1
wrathful,-1
unfair,-1
poisonous,-1
disinclination,-1
timid,-1
domineeringly,-1
lifeless,-1
churlish,-1
illegitimately,-1
unskillful,-1
disappointing,-1
peculiar,-1
decayed,-1
deplore,-1
meanly,-1
ineligible,-1
illogicality,-1
obsession,-1
declivitous,-1
wonder,-1
timidness,-1
tastelessly,-1
foetor,-1
fictitious,-1
obsolete,-1
anger,-1
unfortunately,-1
rusty,-1
virose,-1
gutless,-1
uncivil,-1
discontented,-1
erotic,-1
offensive,-1
superfluously,-1
vainglorious,-1
infirmity,-1
untrue,-1
foxy,-1
miserliness,-1
irreconcilably,-1
incoherently,-1
despicability,-1
torpidity,-1
fogginess,-1
random,-1
vexatious,-1
unrighteous,-1
contemptibility,-1
crank,-1
miserly,-1
base,-1
downhearted,-1
rough-tempered,-1
dissolutely,-1
mawkishly,-1
bogus,-1
ignominious,-1
obtusely,-1
panicked,-1
grouchy,-1
general,-1
unmannered,-1
frightened,-1
torpidness,-1
mutton-smelling,-1
ribaldry,-1
faulty,-1
ruthless,-1
bawdily,-1
nauseating,-1
knotty,-1
stern,-1
abominate,-1
exclaim,-1
shyness,-1
blase,-1
acedia,-1
turbidity,-1
sorry,-1
bad-tempered,-1
misanthropical,-1
crokeyed,-1
faineant,-1
slow,-1
unrespectability,-1
chesty,-1
mistimed,-1
pedantically,-1
unmindfully,-1
desolately,-1
flimsy,-1
lowly,-1
detestable,-1
adulterine,-1
harmful,-1
stunned,-1
fatuously,-1
grotesque,-1
hateful,-1
terribly,-1
broken,-1
funky,-1
unlucky,-1
protest,-1
bullying,-1
subserviently,-1
astonishing,-1
obnoxiousness,-1
unbalanced,-1
corruption,-1
untamed,-1
solitariness,-1
inattentively,-1
obscure,-1
prideful,-1
coy,-1
capriciously,-1
unbecoming,-1
rigidity,-1
self-admiring,-1
opaque,-1
murderous,-1
anomalistical,-1
minor,-1
indecorously,-1
sham,-1
speculative,-1
disagree,-1
anxiety,-1
unethically,-1
phoney,-1
selfishly,-1
redundant,-1
retarded,-1
multifarious,-1
forcible,-1
sexily,-1
passive,-1
intolerant,-1
underhand,-1
whimsically,-1
lazy,-1
ill-judged,-1
pretentious,-1
uncertain,-1
inopportune,-1
negligently,-1
stiff,-1
pitiless,-1
violent,-1
obscureness,-1
irrecoverable,-1
fragilility,-1
drab,-1
unneighbourly,-1
incomprehensible,-1
niggardliness,-1
indecorum,-1
unchaste,-1
undesirable,-1
indifferent,-1
non-biodegradable,-1
shamefulness,-1
rebellious,-1
horridly,-1
panic,-1
despicable,-1
turgidity,-1
proofless,-1
smuttiness,-1
unlighted,-1
stiffly,-1
logginess,-1
grumpy,-1
heavy,-1
humourless,-1
parsimony,-1
wrong,-1
bluster,-1
fiendish,-1
gauche,-1
needy,-1
nonessential,-1
rigorous,-1
unattainable,-1
wrongfully,-1
monstrously,-1
stupid,-1
loathsome,-1
boorishly,-1
pushy,-1
fume,-1
myopic,-1
spoiled,-1
dissocial,-1
impulsive,-1
baleful,-1
uproarious,-1
hesitating,-1
bedraggled,-1
whimsy,-1
unconquerable,-1
avaricious,-1
narrow-minded,-1
biliousness,-1
joyless,-1
sulfurous,-1
oily,-1
ruined,-1
inaccurate,-1
strangely,-1
inequitable,-1
amiss,-1
unacquainted,-1
heavyhearted,-1
deformed,-1
stench,-1
unconventionally,-1
malicious,-1
null,-1
abominable,-1
hole-and-corner,-1
anxious,-1
sloth,-1
naive,-1
cheat,-1
irreparable,-1
politic,-1
disabled,-1
dispirited,-1
murk,-1
transnormal,-1
effete,-1
low,-1
shrewish,-1
slight,-1
staleness,-1
halfdead,-1
privately,-1
disreputableness,-1
meagerly,-1
trifling,-1
grumble,-1
egotism,-1
sickeningly,-1
unhandsome,-1
berate,-1
incautious,-1
severeness,-1
unnatural,-1
shadowy,-1
potty,-1
rabbity,-1
old-type,-1
scorn,-1
impenitence,-1
uncultured,-1
familiarity,-1
disappointingly,-1
overcrowded,-1
soiled,-1
clumsiness,-1
false,-1
shabby,-1
senseless,-1
disgracefully,-1
rigid,-1
hardup,-1
erroneously,-1
immaterial,-1
difficult,-1
ignobly,-1
deserted,-1
non-homogenous,-1
indocile,-1
surreptitiously,-1
dark,-1
gloomily,-1
low-grade,-1
inattentiveness,-1
amaze,-1
disharmonic,-1
miserably,-1
unable,-1
monstrous,-1
conglomerate,-1
tearful,-1
helter-skelter,-1
artlessly,-1
suffocative,-1
bloodthirsty,-1
well-worn,-1
thoughtless,-1
feisty,-1
dispite,-1
commonplace,-1
mock,-1
inconsiderable,-1
compulsiveness,-1
lame,-1
gruelling,-1
ill-looking,-1
glacial,-1
insalubrious,-1
lamentable,-1
ramshackle,-1
damn,-1
infamous,-1
helpless,-1
forgiveness,-1
thoughtlessness,-1
unfilial,-1
superciliously,-1
intolerance,-1
heartlessness,-1
machiavellian,-1
abject,-1
uncultivated,-1
wretchedly,-1
bashful,-1
unusual,-1
rattleheaded,-1
unserviceable,-1
rudimentary,-1
wantonness,-1
tempestuous,-1
disapproval,-1
impatiently,-1
inexplicit,-1
abominably,-1
disgustingly,-1
scruple,-1
boo,-1
arch-criminal,-1
mixed,-1
unhandy,-1
rudely,-1
workaday,-1
disarray,-1
detestation,-1
cheerless,-1
dismay,-1
crossbreed,-1
unsportsmanlike,-1
verbose,-1
heartsickness,-1
catastrophic,-1
old-fashioned,-1
boringness,-1
slant,-1
insignificantly,-1
corrupt,-1
out-dated,-1
unsavoury,-1
illicit,-1
catastrophically,-1
blurriness,-1
perilously,-1
annoyed,-1
tiny,-1
vile,-1
clamorous,-1
cold-blooded,-1
perturbed,-1
villainous,-1
bawdiness,-1
scathing,-1
bewildered,-1
dimness,-1
expensively,-1
whorish,-1
fearfully,-1
inattentive,-1
haughtily,-1
eccentrically,-1
oblique,-1
ungrounded,-1
disorderliness,-1
furtively,-1
antiquated,-1
chide,-1
stormy,-1
unpleasant,-1
seriously,-1
embarrassment,-1
crime-ridden,-1
unwarranted,-1
pick,-1
ghostly,-1
inconsiderately,-1
antagonistic,-1
disbelieve,-1
officialese,-1
lawlessness,-1
messy,-1
yawnful,-1
chaotic,-1
shallow,-1
monotonic,-1
debilitated,-1
unexpressive,-1
impractical,-1
detestably,-1
timidity,-1
grudgingly,-1
rambling,-1
stifling,-1
torpid,-1
unrelated,-1
recessive,-1
self-assured,-1
disgraceful,-1
luxurious,-1
selfish,-1
suspect,-1
irremediable,-1
sneakiness,-1
magniloquent,-1
wonky,-1
stutter,-1
irksome,-1
startlingly,-1
downcast,-1
unusefulness,-1
backstage,-1
authoritarian,-1
crudely,-1
undevout,-1
sheepishness,-1
grudging,-1
sleazy,-1
unstylish,-1
hidden,-1
hardhearted,-1
intermingled,-1
exorbitant,-1
nefarious,-1
overbearingly,-1
gaping,-1
illegible,-1
infantile,-1
hellish,-1
assertiveness,-1
leaning,-1
unreasonably,-1
indiscriminately,-1
deathlike,-1
insensate,-1
backward,-1
imperiousness,-1
inapparent,-1
randomly,-1
tepidness,-1
maledictory,-1
unrelatedly,-1
uppity,-1
pornographic,-1
indifferently,-1
greedy,-1
low-end,-1
meaningless,-1
pitiful,-1
ill-equipped,-1
maladroit,-1
unlivable,-1
unmanly,-1
unseeming,-1
reticence,-1
necessitous,-1
foetid,-1
trickish,-1
sluggishly,-1
bitterly,-1
torn,-1
inequity,-1
plaintive,-1
ignorance,-1
unconstraint,-1
understanding,-1
mischievous,-1
snippy,-1
earthbound,-1
irretrievable,-1
namby-pamby,-1
snippety,-1
badly,-1
coarse,-1
aloofness,-1
halting,-1
blackguardly,-1
headstrong,-1
sickly,-1
good-for-nothing,-1
undemocratic,-1
unripe,-1
evil,-1
lordly,-1
miserable,-1
forgetfully,-1
unhealthful,-1
pained,-1
ineffectual,-1
unbelieving,-1
wasteful,-1
prurience,-1
changeable,-1
die-hard,-1
obsessiveness,-1
squeamishly,-1
inflexible,-1
carelessly,-1
inconspicuousness,-1
precarious,-1
jigsaw-like,-1
addlepated,-1
filthy,-1
unlawfulness,-1
undependable,-1
strident,-1
unconstant,-1
sympathize,-1
neglectfulness,-1
unheeding,-1
tediousness,-1
unpractical,-1
long-windedness,-1
poltroon,-1
unplanned,-1
piqued,-1
refute,-1
peevishness,-1
evil-eyed,-1
inexplicably,-1
gainful,-1
ungraceful,-1
unremunerative,-1
countrified,-1
dullness,-1
rattlepated,-1
unofficial,-1
imprecate,-1
saponaceous,-1
miserablly,-1
disequilibrium,-1
amoral,-1
icy,-1
supercilious,-1
negativeness,-1
vacillation,-1
discriminatory,-1
unreadable,-1
unscrupulous,-1
wishy-washy,-1
cross,-1
conceitedness,-1
flyaway,-1
tyrannous,-1
instable,-1
denouncement,-1
coercive,-1
unworkable,-1
awing,-1
lawlessly,-1
astable,-1
motley,-1
dishonorable,-1
recklessly,-1
hostile,-1
shineless,-1
destitution,-1
yellowbellied,-1
sorrowful,-1
vicious,-1
shaky,-1
lewdly,-1
punctilious,-1
unlawfully,-1
half-bred,-1
ill-organized,-1
compulsory,-1
abuse,-1
fusty,-1
impenitency,-1
irritability,-1
roughly,-1
stolidity,-1
dimmed,-1
frail,-1
sullen,-1
blushing,-1
invisible,-1
sallow,-1
vulpine,-1
powerless,-1
lavish,-1
emaciated,-1
cunningly,-1
worn,-1
gloominess,-1
notorious,-1
coldheartedness,-1
childish,-1
disformity,-1
declivous,-1
dissoluteness,-1
underprivileged,-1
gritty,-1
high-and-mighty,-1
unfriendly,-1
bookishly,-1
ungainliness,-1
baseless,-1
constrained,-1
subjective,-1
kaleidoscopical,-1
affected,-1
licentiously,-1
covert,-1
pigheaded,-1
pridefulness,-1
pollute,-1
panicky,-1
callous,-1
unendurable,-1
panic-striken,-1
horrid,-1
cold-bloodedly,-1
detached,-1
odd,-1
unpolished,-1
self-conceited,-1
petty,-1
slack,-1
slothful,-1
despondency,-1
open-ended,-1
time-consuming,-1
ugliness,-1
unadapted,-1
virtueless,-1
squeamish,-1
irascibly,-1
sneakily,-1
uncorrectable,-1
unnoticeableness,-1
loathing,-1
lecherously,-1
boorish,-1
spleenful,-1
unmoved,-1
awkwardly,-1
rabid,-1
pathetic,-1
remorseful,-1
incorrigible,-1
nervous,-1
incompatible,-1
malformed,-1
naughtily,-1
autocratic,-1
dimly,-1
impetuousness,-1
pluckless,-1
artfully,-1
plaguesome,-1
pushily,-1
unwillingness,-1
neediness,-1
ineffective,-1
intemperately,-1
declining,-1
uncombed,-1
blue,-1
impassiveness,-1
impassivity,-1
disconsolate,-1
overweening,-1
heavy-hearted,-1
abnormally,-1
liberty,-1
idly,-1
lecherous,-1
sarcastic,-1
rustic,-1
serious,-1
wispy,-1
untrustworthy,-1
valueless,-1
direful,-1
contempt,-1
futilely,-1
castigation,-1
opaqueness,-1
weak,-1
angrily,-1
reprove,-1
shifty,-1
invented,-1
uninhibited,-1
intolerably,-1
irritated,-1
dishonest,-1
obscurity,-1
inefficient,-1
lasciviousness,-1
miscellaneous,-1
degrading,-1
unlettered,-1
luridness,-1
blackness,-1
ominously,-1
domineering,-1
mean,-1
shy,-1
oafishness,-1
acquisitively,-1
naively,-1
mechanically,-1
unwelcome,-1
insupportable,-1
inexpressive,-1
remaining,-1
satirize,-1
chaotically,-1
covetous,-1
illegibility,-1
care-laden,-1
ungenerous,-1
disreputable,-1
tedious,-1
unrelenting,-1
grotesquery,-1
disrespect,-1
shopworn,-1
unwarrantable,-1
crotchetiness,-1
humiliatory,-1
excess,-1
impropriety,-1
impious,-1
disappointed,-1
disapprove,-1
dishonorably,-1
abrupt,-1
falseness,-1
asperity,-1
reticent,-1
murkily,-1
undue,-1
unpleasantly,-1
mistily,-1
shaded,-1
lurid,-1
groundless,-1
despotic,-1
dirtiness,-1
effortful,-1
nihility,-1
unconscientious,-1
holier-than-thou,-1
inauthentic,-1
disorganized,-1
unapproachability,-1
ugly,-1
bitterness,-1
destabilizing,-1
flippant,-1
shudder,-1
cruelly,-1
excoriation,-1
dim-witted,-1
vulgar,-1
ignore,-1
understand,-1
unsalable,-1
crisscross,-1
unspecified,-1
nearsighted,-1
decrepit,-1
disproportional,-1
inhuman,-1
embarrassed,-1
shadowed,-1
rattlebrained,-1
lonesomeness,-1
futile,-1
desperate,-1
grievously,-1
awry,-1
despondence,-1
sneaky,-1
interlocking,-1
inactive,-1
yokelish,-1
paltry,-1
unjust,-1
threadbare,-1
stonyhearted,-1
timidly,-1
grease-stained,-1
stolidness,-1
impatience,-1
wintry,-1
worrisome,-1
ham-handed,-1
pitifully,-1
heretical,-1
ill-fated,-1
conflicting,-1
inutility,-1
illiterate,-1
nonchalant,-1
mechanical,-1
petrified,-1
unlearned,-1
pale,-1
strenuously,-1
bookish,-1
malodour,-1
thievish,-1
fragmented,-1
ghoulish,-1
unsymmetrical,-1
unauthentic,-1
punctiliously,-1
astatic,-1
discursive,-1
bone-idle,-1
ghastliness,-1
unmoving,-1
inadvertence,-1
nefariously,-1
frailty,-1
cliquish,-1
superficially,-1
unsaleable,-1
shiftily,-1
repentance,-1
abandon,-1
destitute,-1
farfetched,-1
austereness,-1
inhospitable,-1
damaged,-1
muddiness,-1
atrocious,-1
bullet-headed,-1
hammerheaded,-1
venturesome,-1
wrinkled,-1
slanting,-1
strictly,-1
undergrown,-1
risky,-1
withdrawn,-1
unprofitable,-1
crowded,-1
scolding,-1
arrogance,-1
assertive,-1
unsuited,-1
crisis-ridden,-1
unexposed,-1
heartless,-1
irate,-1
repentantly,-1
absurdity,-1
unfashionable,-1
vapid,-1
pride,-1
asymmetric,-1
bunglesome,-1
dissipated,-1
incompletely,-1
unbusiness-like,-1
imbecile,-1
invalid,-1
insinuate,-1
melancholic,-1
criticism,-1
tottering,-1
insubstantial,-1
supernumerary,-1
extremely,-1
unavailing,-1
unbeatable,-1
guile,-1
variegated,-1
caustic,-1
forlorn,-1
greasy,-1
special-shaped,-1
rampant,-1
snipe,-1
grotesqueness,-1
frustrating,-1
ill-natured,-1
quack,-1
eccentricity,-1
meanness,-1
viperish,-1
regretful,-1
betray,-1
imprecation,-1
penniless,-1
uncoordinated,-1
unfounded,-1
unresponsive,-1
shoddily,-1
oversimplified,-1
seamy,-1
painfully,-1
blush,-1
emotionless,-1
unprofessional,-1
recreant,-1
inaffable,-1
undeveloped,-1
grieve,-1
haltingly,-1
mawkish,-1
putrid,-1
unconscientiousness,-1
shocking,-1
unwieldy,-1
flatulence,-1
uninhibitedly,-1
suffocating,-1
unemotional,-1
piercingly,-1
nettled,-1
sanctimoniousness,-1
juvenility,-1
jolterhead,-1
uncompanionable,-1
stale,-1
trivial,-1
nondescript,-1
undependableness,-1
undependability,-1
askew,-1
eager,-1
scoundrel,-1
lonely,-1
undutiful,-1
weak-kneed,-1
unfit,-1
wrongful,-1
dim,-1
unconformable,-1
mirky,-1
incurable,-1
apathy,-1
narrow,-1
gruesomeness,-1
laziness,-1
brutality,-1
sordid,-1
swashbuckling,-1
bungling,-1
malodor,-1
gibe,-1
bleak,-1
craggy,-1
unequal,-1
snifty,-1
brusqueness,-1
embarrassedly,-1
perfunctorily,-1
costly,-1
desolate,-1
rampageous,-1
tyrannical,-1
discursively,-1
despicably,-1
wishywashy,-1
unpropitiousness,-1
big-denomination,-1
harmfully,-1
demoralized,-1
waste,-1
rapaciously,-1
maimed,-1
severe,-1
horridness,-1
shamefaced,-1
one-sided,-1
cynical,-1
hesitant,-1
sharp-tongued,-1
unacceptable,-1
slanted,-1
limp,-1
inwardly,-1
virous,-1
spiritlessness,-1
edgeless,-1
unprincipled,-1
forgetful,-1
lax,-1
tyrannously,-1
deceitful,-1
shamefacedness,-1
jagged,-1
moroseness,-1
worst,-1
malapropos,-1
contentious,-1
labor-intensive,-1
absurd,-1
murderousness,-1
second-rate,-1
peculiarly,-1
awkward,-1
fikleness,-1
complex,-1
terrible,-1
blind,-1
berat,-1
woeful,-1
jumbled,-1
tragic,-1
unreal,-1
stinky,-1
clandestine,-1
aberrant,-1
spiritless,-1
accusation,-1
reasonless,-1
glum,-1
confound,-1
depraved,-1
incompetent,-1
melancholy,-1
cunning,-1
clamour,-1
abnormal,-1
contemptible,-1
ill-mannered,-1
tiresome,-1
profligate,-1
macaber,-1
benighted,-1
negligibly,-1
inexorable,-1
weakness,-1
harmfulness,-1
presuming,-1
furtive,-1
swear,-1
negligible,-1
bewildering,-1
dull-witted,-1
calamitously,-1
conniving,-1
acquisitive,-1
egoism,-1
sheepish,-1
startling,-1
recklessness,-1
unbefitting,-1
light-mindedness,-1
disdainful,-1
pigheadedly,-1
unwholesome,-1
snobbish,-1
outrageous,-1
restless,-1
airless,-1
unmoral,-1
incumbent,-1
hatefulness,-1
unfortunate,-1
condone,-1
disingenuous,-1
tumultuary,-1
perversive,-1
niggle,-1
primness,-1
charge,-1
round,-1
incapable,-1
wearrisome,-1
wooden-headed,-1
vulgarly,-1
lustful,-1
irregularly,-1
squalid,-1
uninviting,-1
dishonor,-1
ambidextrous,-1
oafishly,-1
nauseous,-1
complicated,-1
snaky,-1
black,-1
strict,-1
inelegant,-1
vulgarity,-1
cruel-hearted,-1
question,-1
sluttery,-1
objectionableness,-1
inappreciable,-1
muddleheaded,-1
surliness,-1
corruptly,-1
ferociously,-1
shamefully,-1
frivolously,-1
short-tempered,-1
hampering,-1
purposelessly,-1
dissent,-1
appallingly,-1
compunction,-1
overlook,-1
wretched,-1
aggressiveness,-1
insincere,-1
upbraid,-1
inconsistent,-1
prolixity,-1
upset,-1
undisciplined,-1
verbosely,-1
turbulence,-1
unsociability,-1
crooked,-1
ungraciousness,-1
lugubrious,-1
unfruitful,-1
fetor,-1
maddening,-1
dishonourableness,-1
phony,-1
distraught,-1
visionary,-1
frigid,-1
remoteness,-1
inconstancy,-1
fumbling,-1
argumentative,-1
feebly,-1
despise,-1
unclassed,-1
supernormal,-1
useless,-1
shabbiness,-1
dreary,-1
sloppily,-1
ferocious,-1
disreputably,-1
acerb,-1
indistinctness,-1
tangled,-1
concealed,-1
indiscreet,-1
unseemly,-1
laboriously,-1
purposeless,-1
uninterestingness,-1
heavy-handed,-1
coward,-1
insipidly,-1
pitiable,-1
vixenish,-1
obligatory,-1
dire,-1
assorted,-1
inactively,-1
loosely,-1
ungrammatical,-1
two-faced,-1
irrational,-1
inconvenient,-1
skin-deep,-1
ill-seasoned,-1
fuzziness,-1
invariably,-1
vain,-1
adamantly,-1
isolated,-1
apathetic,-1
deadly,-1
mistaken,-1
unprofessionally,-1
horrible,-1
ossified,-1
humdrum,-1
impetuous,-1
pinched,-1
acerbity,-1
rapacious,-1
rash,-1
cacophonic,-1
rough-and-ready,-1
yellow-dog,-1
provoking,-1
disharmonious,-1
rashly,-1
condemnation,-1
scratchy,-1
indiscriminate,-1
underdeveloped,-1
atrociously,-1
despicableness,-1
nonprofessional,-1
unwashed,-1
turbid,-1
suspicious,-1
relentless,-1
unfeeling,-1
fatuity,-1
inexact,-1
jerky,-1
rebel,-1
stubbornly,-1
choleric,-1
disorderly,-1
stink,-1
vagary,-1
inhumanly,-1
contempn,-1
dread,-1
monotonously,-1
strange,-1
crumbling,-1
inexpert,-1
evil-minded,-1
regret,-1
whimsical,-1
evasiveness,-1
feeble-mindedness,-1
acid,-1
coolness,-1
eventful,-1
fuzzy,-1
voraciously,-1
paradoxical,-1
niggardness,-1
discordant,-1
driven,-1
unjustifiably,-1
attitudinize,-1
sloping,-1
remediless,-1
unaccommodating,-1
black-hearted,-1
unimpressive,-1
irrelevantly,-1
spongy,-1
small-minded,-1
impracticable,-1
wildly,-1
satire,-1
shoddy,-1
flighty,-1
biasedly,-1
contrived,-1
jerry-built,-1
addlebrained,-1
oppressed,-1
equivocately,-1
inexorability,-1
snobbism,-1
unresigned,-1
primitive,-1
swaggering,-1
pinchpenny,-1
spitefully,-1
dreadfulness,-1
meager,-1
indigestible,-1
rock-ribbed,-1
clumsily,-1
discouraged,-1
filthily,-1
unrestful,-1
fractional,-1
bad-mannered,-1
cloudy,-1
passivity,-1
stark,-1
hazy,-1
unmerciful,-1
depressed,-1
reluctant,-1
scadalous,-1
barbarous,-1
distressful,-1
obsessivity,-1
retrograde,-1
excoriate,-1
merciless,-1
sceptical,-1
ill-considered,-1
piteously,-1
unseasonable,-1
astringent,-1
frosty,-1
crafty,-1
untrustiness,-1
imperfect,-1
penurious,-1
venal,-1
unschooled,-1
offish,-1
harshly,-1
slothfulness,-1
amazement,-1
apprehensive,-1
perfunctory,-1
snobby,-1
adynamic,-1
priggish,-1
uproariously,-1
revolting,-1
wildish,-1
dear,-1
insensible,-1
irritable,-1
abruptness,-1
backbite,-1
arrogantly,-1
mercenary,-1
obscenely,-1
uncouthness,-1
hypothetical,-1
frailness,-1
decadent,-1
terrifyingly,-1
unprogressive,-1
deviously,-1
panic-stricken,-1
savagely,-1
nonflavored,-1
discourteous,-1
skittish,-1
thoughtlessly,-1
astonishment,-1
profane,-1
trumped-up,-1
irreconcilable,-1
fuss,-1
spendthrift,-1
hokey,-1
explosive,-1
fierce,-1
slipshod,-1
